Date,Content
2020-04-06,https://boxd.it/11YFD1
2020-07-19,https://boxd.it/1fjxPn
2021-01-15,https://boxd.it/1ACDep
2021-04-20,https://boxd.it/PyMeH
2021-04-24,https://boxd.it/1OxOPR
2021-08-06,https://boxd.it/22RJip
2021-09-06,https://boxd.it/1vxHlf
2021-09-09,https://boxd.it/aXWWb
2021-09-12,https://boxd.it/1sxfb5
2021-11-07,https://boxd.it/2g2pIV
2022-01-16,https://boxd.it/29Csj9
2022-02-10,https://boxd.it/2zaM4r
2022-02-23,https://boxd.it/2BCpVB
2022-03-04,https://boxd.it/2D9jvn
2022-03-04,https://boxd.it/2D9pz1
2022-03-27,https://boxd.it/o6kdd
2022-04-09,https://boxd.it/2JBwKl
2022-04-12,https://boxd.it/2H3gQ7
2022-04-15,https://boxd.it/2JItO9
2022-04-20,https://boxd.it/2LPjed
2022-04-27,https://boxd.it/2MRf5z
2022-04-27,https://boxd.it/2MNv6F
2022-05-09,https://boxd.it/2OYetn
2022-05-09,https://boxd.it/2OYfr3
2022-06-06,https://boxd.it/2Ualwd
2022-06-08,https://boxd.it/2Uv2Ax
2022-06-20,https://boxd.it/2WpMe9
2022-06-21,https://boxd.it/2UO2J3
2022-06-21,https://boxd.it/2Uy1xj
2022-07-01,https://boxd.it/2YE2tF
2022-07-03,https://boxd.it/2YTwyZ
2022-07-10,https://boxd.it/30gPj5
2022-07-18,https://boxd.it/323ETN
2022-08-17,https://boxd.it/38xdBL
2022-08-19,https://boxd.it/38T4Tl
2022-08-29,https://boxd.it/38HZnR
2022-09-20,https://boxd.it/3eikUf
2022-09-23,https://boxd.it/3d6jU1
2022-09-24,https://boxd.it/3fGMwR
2022-09-24,https://boxd.it/3cyUR1
2022-09-25,https://boxd.it/3eCscZ
2022-10-03,https://boxd.it/3gRIHn
2022-10-08,https://boxd.it/3izcNZ
2022-10-08,https://boxd.it/3iBP9X
2022-10-28,https://boxd.it/3mWGyx
2022-11-01,https://boxd.it/3nmvNj
2022-11-01,https://boxd.it/3kWbeX
2022-11-16,https://boxd.it/3qm5lF
2022-11-16,https://boxd.it/3pQyN5
2022-11-17,https://boxd.it/3qVb8d
2022-11-18,https://boxd.it/3rrZjJ
2022-11-26,https://boxd.it/3s8De9
2022-11-26,https://boxd.it/3rxgmP
2022-11-28,https://boxd.it/3tABW9
2022-12-10,https://boxd.it/3ir04x
2022-12-11,https://boxd.it/3hdJZL
2022-12-11,https://boxd.it/3vhdkb
2022-12-16,https://boxd.it/3vF261
2022-12-19,https://boxd.it/3xYgiL
2022-12-19,https://boxd.it/85DCP
2022-12-19,https://boxd.it/3urjyT
2022-12-25,https://boxd.it/ynTcN
2022-12-27,https://boxd.it/3tPQ3N
2022-12-27,https://boxd.it/3AFzRf
2022-12-31,https://boxd.it/3C4IZh
2023-01-07,https://boxd.it/3EBnmR
2023-01-07,https://boxd.it/3EzX9b
2023-01-07,https://boxd.it/3EHxt1
2023-01-11,https://boxd.it/3EW1HF
2023-01-14,https://boxd.it/obThz
2023-01-14,https://boxd.it/aWTVx
2023-01-14,https://boxd.it/2KXfxd
2023-01-14,https://boxd.it/9hmQj
2023-01-15,https://boxd.it/3HDCPv
2023-01-28,https://boxd.it/3r8arT
2023-01-28,https://boxd.it/3HjG7x
2023-01-28,https://boxd.it/3DRPWL
2023-02-04,https://boxd.it/1QnMaZ
2023-02-05,https://boxd.it/1rne4N
2023-02-05,https://boxd.it/2PL67L
2023-02-05,https://boxd.it/3weDT5
2023-02-06,https://boxd.it/SiUmf
2023-02-06,https://boxd.it/3rpVSV
2023-02-26,https://boxd.it/3UarAt
2023-03-07,https://boxd.it/3W3km9
2023-03-12,https://boxd.it/3XMnTJ
2023-03-18,https://boxd.it/3ZG7Ep
2023-03-20,https://boxd.it/3ZKiXv
2023-03-20,https://boxd.it/3Xvixp
2023-03-20,https://boxd.it/3XNlij
2023-03-21,https://boxd.it/40z0uR
2023-03-23,https://boxd.it/3WFHkB
2023-03-23,https://boxd.it/411kVz
2023-03-23,https://boxd.it/3Z4Aof
2023-03-23,https://boxd.it/1iWgOR
2023-03-25,https://boxd.it/41EhqV
2023-04-01,https://boxd.it/43sfk1
2023-04-01,https://boxd.it/43Ft1t
2023-04-01,https://boxd.it/43nInt
2023-04-04,https://boxd.it/44mfSf
2023-04-04,https://boxd.it/44ddXz
2023-04-08,https://boxd.it/45Byr7
2023-04-08,https://boxd.it/45BkCb
2023-04-09,https://boxd.it/44fgWt
2023-04-12,https://boxd.it/1VxL63
2023-04-15,https://boxd.it/46CNLR
2023-04-16,https://boxd.it/47DvHt
2023-04-18,https://boxd.it/1VysX5
2023-04-19,https://boxd.it/48BWcn
2023-04-22,https://boxd.it/1WcSJt
2023-04-22,https://boxd.it/1W7Kav
2023-04-24,https://boxd.it/49FWFL
2023-04-25,https://boxd.it/1WeSQX
2023-04-26,https://boxd.it/1VG0b9
2023-04-26,https://boxd.it/48uIYN
2023-04-27,https://boxd.it/4aIgPz
2023-05-01,https://boxd.it/4btUHJ
2023-05-06,https://boxd.it/4ccP2h
2023-05-06,https://boxd.it/4d4jkr
2023-05-08,https://boxd.it/4d3Jr7
2023-05-11,https://boxd.it/4b6eef
2023-05-18,https://boxd.it/1fWv4d
2023-05-23,https://boxd.it/1Xqc6V
2023-05-23,https://boxd.it/2KlHwL
2023-05-23,https://boxd.it/1X0juN
2023-05-23,https://boxd.it/4gDNNv
2023-06-03,https://boxd.it/4jZtcF
2023-06-05,https://boxd.it/4kwdZn
2023-06-13,https://boxd.it/4mLLdb
2023-06-18,https://boxd.it/4nOR1Z
2023-06-26,https://boxd.it/4qkjDn
2023-06-28,https://boxd.it/4qaGpD
2023-06-28,https://boxd.it/4r64rd
2023-06-29,https://boxd.it/4re6Z3
2023-06-30,https://boxd.it/4rxcVz
2023-07-01,https://boxd.it/4rPIP5
2023-07-02,https://boxd.it/4rGRl1
2023-07-13,https://boxd.it/4vAoHr
2023-07-15,https://boxd.it/4w02VN
2023-07-15,https://boxd.it/4wcAzv
2023-07-19,https://boxd.it/4xzyKr
2023-07-19,https://boxd.it/4xra5j
2023-07-22,https://boxd.it/4xTByt
2023-07-22,https://boxd.it/4yqaRT
2023-07-22,https://boxd.it/4yvkT1
2023-07-27,https://boxd.it/4yS5h3
2023-07-29,https://boxd.it/4Blnip
2023-07-29,https://boxd.it/4ANKLr
2023-07-30,https://boxd.it/4BG28Z
2023-09-12,https://boxd.it/4MJ4BT
2023-09-14,https://boxd.it/4PV7rt
2023-09-25,https://boxd.it/4SEXIJ
2023-09-26,https://boxd.it/2jqlrB
2023-09-26,https://boxd.it/2mmc51
2023-09-30,https://boxd.it/4UKj3r
2023-09-30,https://boxd.it/4UYKDf
2023-10-03,https://boxd.it/4VEy7v
2023-10-03,https://boxd.it/4VEx4F
2023-10-03,https://boxd.it/4QUz37
2023-10-04,https://boxd.it/4W76ff
2023-10-15,https://boxd.it/4ZDa9L
2023-10-15,https://boxd.it/4Z9a9r
2023-10-17,https://boxd.it/50vBuf
2023-10-21,https://boxd.it/51Dywn
2023-10-28,https://boxd.it/53p4hd
2023-10-29,https://boxd.it/53bNZB
2023-10-29,https://boxd.it/53cmAV
2023-10-29,https://boxd.it/54bdxl
2023-11-01,https://boxd.it/55HI3f
2023-11-07,https://boxd.it/57ctFf
2023-11-07,https://boxd.it/579Ip1
2023-11-14,https://boxd.it/57UWKh
2023-11-14,https://boxd.it/59eSBf
2023-11-14,https://boxd.it/58wFt5
2023-11-15,https://boxd.it/59v5Dv
2023-11-15,https://boxd.it/59Wabb
2023-11-15,https://boxd.it/58Gpxl
2023-11-20,https://boxd.it/5afp7B
2023-11-20,https://boxd.it/5aMVHR
2023-11-22,https://boxd.it/4udVhL
2023-11-22,https://boxd.it/5ciBfr
2023-11-24,https://boxd.it/5cW3sB
2023-11-25,https://boxd.it/5dovW1
2023-12-03,https://boxd.it/5f5tBv
2023-12-09,https://boxd.it/5gs3dR
2023-12-09,https://boxd.it/5i8Prv
2023-12-11,https://boxd.it/5iCXoz
2023-12-11,https://boxd.it/5hDIdp
2023-12-14,https://boxd.it/5jxJMB
2023-12-15,https://boxd.it/59G9MD
2023-12-17,https://boxd.it/5hSdsj
2023-12-17,https://boxd.it/5jBeMX
2023-12-21,https://boxd.it/5mnHgZ
2023-12-22,https://boxd.it/5mEJRn
2023-12-23,https://boxd.it/5g1B1L
2023-12-23,https://boxd.it/5gz8YR
2023-12-23,https://boxd.it/5nrgpR
2023-12-26,https://boxd.it/5nd0mJ
2023-12-27,https://boxd.it/4llvGb
2023-12-27,https://boxd.it/1yDmH9
2023-12-27,https://boxd.it/2Smt1N
2023-12-27,https://boxd.it/5p0tkJ
2023-12-27,https://boxd.it/2SmtuF
2023-12-27,https://boxd.it/4mcBr3
2023-12-27,https://boxd.it/4kysVT
2023-12-28,https://boxd.it/5pwN9l
2023-12-30,https://boxd.it/5r9CUn
2024-01-23,https://boxd.it/5DsciD
2024-01-24,https://boxd.it/5FGh5F
2024-01-27,https://boxd.it/4Sgvmn
2024-01-28,https://boxd.it/5BUvmd
2024-01-28,https://boxd.it/5lEaEJ
2024-01-28,https://boxd.it/5H19aD
2024-01-28,https://boxd.it/5yU4gF
2024-01-31,https://boxd.it/5ImB4T
2024-02-03,https://boxd.it/5zPyDX
2024-02-04,https://boxd.it/5KsO6D
2024-02-05,https://boxd.it/5KFqfx
2024-02-05,https://boxd.it/5I2FSN
2024-02-05,https://boxd.it/5KlPSJ
2024-02-05,https://boxd.it/5KcUX7
2024-02-12,https://boxd.it/5O3kyD
2024-02-16,https://boxd.it/5NaPCL
2024-02-18,https://boxd.it/5QtPyp
2024-02-20,https://boxd.it/5y9hiF
2024-02-26,https://boxd.it/5UVXDT
2024-02-26,https://boxd.it/5V5cBB
2024-02-27,https://boxd.it/5VjSiT
2024-03-04,https://boxd.it/5XMOUZ
2024-03-05,https://boxd.it/5YjGOv
2024-03-10,https://boxd.it/60wXRv
2024-03-10,https://boxd.it/5X1khz
2024-03-17,https://boxd.it/64fEoh
2024-03-17,https://boxd.it/63bGLP
2024-03-25,https://boxd.it/67CU5t
2024-03-26,https://boxd.it/1WXoYd
2024-04-01,https://boxd.it/6bp7dD
2024-04-07,https://boxd.it/3TCWED
2024-04-14,https://boxd.it/6f3Qbp
2024-04-15,https://boxd.it/lp0L1
2024-04-26,https://boxd.it/6iTbDX
2024-04-26,https://boxd.it/6iZXtj
2024-04-26,https://boxd.it/6jExm9
2024-05-05,https://boxd.it/6kyQ2p
2024-05-05,https://boxd.it/6lJHtd
2024-05-05,https://boxd.it/5r9goz
2024-05-05,https://boxd.it/5mqqHZ
2024-05-06,https://boxd.it/6pCb0v
2024-05-06,https://boxd.it/6pyvZ1
2024-05-06,https://boxd.it/6oMnHR
2024-05-06,https://boxd.it/6opHjp
2024-05-07,https://boxd.it/6qx8rR
2024-05-07,https://boxd.it/6gH4wt
2024-05-07,https://boxd.it/6qA2ZJ
2024-05-07,https://boxd.it/6pNFqv
2024-05-13,https://boxd.it/6sv04f
2024-05-13,https://boxd.it/57WQzV
2024-05-15,https://boxd.it/6tjLwv
2024-05-15,https://boxd.it/6rKEw5
2024-05-17,https://boxd.it/6u9WB1
2024-05-17,https://boxd.it/6okQZp
2024-05-17,https://boxd.it/6iz2cj
2024-05-27,https://boxd.it/1jst3t
2024-05-30,https://boxd.it/6yVH6p
2024-05-30,https://boxd.it/6xrzjh
2024-05-30,https://boxd.it/6xVz3t
2024-05-30,https://boxd.it/6xz06N
2024-06-02,https://boxd.it/6AKMXp
2024-06-03,https://boxd.it/6B4vTP
2024-06-16,https://boxd.it/6DODHd
2024-06-30,https://boxd.it/6LrmOx
2024-07-07,https://boxd.it/6OEgRt
2024-07-07,https://boxd.it/6NiwQN
2024-07-20,https://boxd.it/6UI81V
2024-07-21,https://boxd.it/1IPxbR
2024-07-21,https://boxd.it/3xN3Qj
2024-07-21,https://boxd.it/JprsL
2024-07-21,https://boxd.it/1TG2Vv
2024-07-23,https://boxd.it/6VTkwH
2024-07-23,https://boxd.it/6VT9FX
2024-07-27,https://boxd.it/6FUFhL
2024-07-28,https://boxd.it/5TZixz
2024-07-28,https://boxd.it/f7O7v
2024-07-28,https://boxd.it/132EDh
2024-08-13,https://boxd.it/749OZD
2024-08-20,https://boxd.it/78tcIF
2024-09-02,https://boxd.it/7enTNZ
2024-09-16,https://boxd.it/7kBHr5
2024-09-28,https://boxd.it/7pZL0b
2024-09-28,https://boxd.it/7pTjTb
2024-09-30,https://boxd.it/7ri1XX
2024-10-07,https://boxd.it/7uw8Jj
2024-10-07,https://boxd.it/7uqWaB
2024-10-07,https://boxd.it/t2s0X
2024-10-11,https://boxd.it/7rJU2L
2024-10-12,https://boxd.it/7k8xcV
2024-10-15,https://boxd.it/7tBuo9
2024-10-15,https://boxd.it/7qpcGj
2024-10-16,https://boxd.it/7r0PgD
2024-10-16,https://boxd.it/7z6EVJ
2024-10-16,https://boxd.it/7wDs3J
2024-10-27,https://boxd.it/5TZxQB
2024-10-27,https://boxd.it/2LDBQP
2024-11-02,https://boxd.it/N1R7H
2024-11-03,https://boxd.it/9NIpD
2024-11-04,https://boxd.it/4u9XQ1
2024-11-10,https://boxd.it/7JLxhf
2024-11-10,https://boxd.it/7zB7W7
2024-11-12,https://boxd.it/5H2TvT
2024-11-12,https://boxd.it/7L2WWv
2024-11-19,https://boxd.it/7OydST
2024-11-30,https://boxd.it/7TCfZF
2024-11-30,https://boxd.it/7Ty65P
2024-12-09,https://boxd.it/80dXfT
2024-12-09,https://boxd.it/7Zt3IN
2024-12-09,https://boxd.it/7Zu0Nd
2024-12-10,https://boxd.it/7Oycur
2024-12-11,https://boxd.it/81fkyF
2024-12-20,https://boxd.it/84Uiox
2024-12-23,https://boxd.it/87Xx3d
2024-12-23,https://boxd.it/87XM6L
2024-12-26,https://boxd.it/87szyF
2024-12-26,https://boxd.it/83yURJ
2024-12-26,https://boxd.it/848eRT
2024-12-28,https://boxd.it/8apaHD
2024-12-28,https://boxd.it/8agX93
2024-12-28,https://boxd.it/85doQP
2025-01-02,https://boxd.it/86r0QD
2025-01-02,https://boxd.it/8gjPsB
2025-01-03,https://boxd.it/8h6nCh
2025-01-05,https://boxd.it/2SmZlF
2025-01-05,https://boxd.it/4mJGkd
2025-01-12,https://boxd.it/2SwU79
2025-01-12,https://boxd.it/4nDJAF
2025-01-12,https://boxd.it/4uCkCH
2025-01-12,https://boxd.it/8p1wTN
2025-01-12,https://boxd.it/2N1S3R
2025-01-12,https://boxd.it/2Syjbn
2025-01-21,https://boxd.it/8yvUZr
2025-01-23,https://boxd.it/7YmhQX
2025-01-23,https://boxd.it/88Pexh
2025-01-27,https://boxd.it/7PqvLJ
2025-02-03,https://boxd.it/notV1
2025-02-03,https://boxd.it/taeEZ
2025-02-06,https://boxd.it/8Kluj3
2025-02-11,https://boxd.it/8L773n
2025-02-12,https://boxd.it/8NGfLZ
2025-02-12,https://boxd.it/8MqDAl
2025-02-14,https://boxd.it/8OrF1d
2025-02-15,https://boxd.it/8Oi30j
2025-02-18,https://boxd.it/8RZN29
2025-02-18,https://boxd.it/8RYbvZ
2025-02-18,https://boxd.it/8QhYOr
2025-02-20,https://boxd.it/8Sft5J
2025-02-22,https://boxd.it/8D82JN
2025-02-22,https://boxd.it/8LYaZP
2025-03-06,https://boxd.it/91LxR3
2025-03-06,https://boxd.it/91LwBX
2025-03-10,https://boxd.it/93aQyX
2025-03-11,https://boxd.it/955mMt
2025-03-11,https://boxd.it/92YKB3
2025-03-20,https://boxd.it/9aA2OB
2025-03-22,https://boxd.it/9bMO95
2025-03-23,https://boxd.it/9bvkCH
2025-03-25,https://boxd.it/9c90t1
2025-03-31,https://boxd.it/9hr4qr
2025-04-03,https://boxd.it/9aeqt9
2025-04-05,https://boxd.it/9jqFcH
2025-04-06,https://boxd.it/9jV2bR
2025-04-07,https://boxd.it/9kubJt
2025-04-08,https://boxd.it/9kEwFd
2025-04-08,https://boxd.it/9lVLdV
2025-04-12,https://boxd.it/9nv0Pf
2025-04-15,https://boxd.it/9maMtF
2025-04-15,https://boxd.it/9pFzJJ
2025-04-16,https://boxd.it/9qeNKr
2025-04-16,https://boxd.it/9mbXg5
2025-04-18,https://boxd.it/9rimmJ
2025-04-19,https://boxd.it/9rIfVz
2025-04-19,https://boxd.it/13mQUp
2025-04-19,https://boxd.it/6SRUv5
2025-04-22,https://boxd.it/9uxs4D
2025-04-24,https://boxd.it/9ljPMf
2025-04-28,https://boxd.it/9xMFtN
2025-04-28,https://boxd.it/9w0NdX
2025-04-29,https://boxd.it/9ygzp1
2025-05-01,https://boxd.it/2n7OSJ
2025-05-03,https://boxd.it/9Ap6RB
2025-05-04,https://boxd.it/9zGFyJ
2025-05-04,https://boxd.it/9AoU6X
2025-05-04,https://boxd.it/9B2xbZ
2025-05-04,https://boxd.it/9yiBoN
2025-05-04,https://boxd.it/9BfhUP
2025-05-04,https://boxd.it/9BmvlX
2025-05-05,https://boxd.it/1re5ml
2025-05-05,https://boxd.it/9BXJT9
2025-05-06,https://boxd.it/9CxY0Z
2025-05-08,https://boxd.it/9Dse8H
2025-05-10,https://boxd.it/7DOCSH
2025-05-10,https://boxd.it/7FNuV5
2025-05-11,https://boxd.it/2g4pNF
2025-05-13,https://boxd.it/9GBYmZ
2025-05-17,https://boxd.it/6TFMA7
2025-05-17,https://boxd.it/6VZx3F
2025-05-17,https://boxd.it/1cDQe9
2025-05-19,https://boxd.it/4llzx3
2025-05-19,https://boxd.it/1MAG5p
2025-05-19,https://boxd.it/9JRJol
2025-05-21,https://boxd.it/9KZWwR
2025-05-22,https://boxd.it/9Lvh6d
2025-05-24,https://boxd.it/9Mlskz
2025-05-24,https://boxd.it/9LNuGf
2025-05-25,https://boxd.it/9I9YlT
2025-05-25,https://boxd.it/9MHLfn
2025-05-25,https://boxd.it/9EuiUD
2025-05-25,https://boxd.it/9MuxbP
2025-05-26,https://boxd.it/9JnM8P
2025-05-27,https://boxd.it/9OtVyJ
2025-05-27,https://boxd.it/9OD63b
2025-05-27,https://boxd.it/9NrDtN
2025-05-31,https://boxd.it/9QUQBv
2025-06-02,https://boxd.it/9RrYxH
2025-06-05,https://boxd.it/9Taj0L
2025-06-07,https://boxd.it/40OIBn
2025-06-07,https://boxd.it/Ju6dP
2025-06-07,https://boxd.it/JM9lX
2025-06-07,https://boxd.it/6GOi97
2025-06-07,https://boxd.it/1setll
2025-06-09,https://boxd.it/9VNTwT
2025-06-09,https://boxd.it/9WoVo7
2025-06-09,https://boxd.it/9V8dET
2025-06-09,https://boxd.it/9VZPgh
2025-06-10,https://boxd.it/9WRp7B
2025-06-10,https://boxd.it/9Vozgr
2025-06-10,https://boxd.it/9XpKqx
2025-06-13,https://boxd.it/9Z7piz
2025-06-14,https://boxd.it/5VBQD7
2025-06-15,https://boxd.it/a03Qnn
2025-06-16,https://boxd.it/Vjvyz
2025-06-16,https://boxd.it/4Ps1nx
2025-06-22,https://boxd.it/1lPrQR
2025-06-22,https://boxd.it/a4mez5
2025-06-23,https://boxd.it/1hNHVt
2025-06-23,https://boxd.it/4LEZJh
2025-06-25,https://boxd.it/a72gsx
2025-06-25,https://boxd.it/a5mGqz
2025-06-27,https://boxd.it/a5OEr7
2025-06-28,https://boxd.it/a8woAD
2025-06-29,https://boxd.it/a9k1TH
2025-07-01,https://boxd.it/a7ZEqX
2025-07-06,https://boxd.it/adCgP3
2025-07-08,https://boxd.it/acFiWx
2025-07-08,https://boxd.it/aeSoYj
2025-07-08,https://boxd.it/abW0W5
2025-07-09,https://boxd.it/agdN2P
2025-07-10,https://boxd.it/agBBGh
2025-07-11,https://boxd.it/ai5Vcv
2025-07-11,https://boxd.it/agXveb
2025-07-13,https://boxd.it/aj5OiF
2025-07-13,https://boxd.it/aiOVpT
2025-07-14,https://boxd.it/ak3E6z
2025-07-14,https://boxd.it/ai9afv
2025-07-18,https://boxd.it/ani54l
2025-07-19,https://boxd.it/ao1yM7
2025-07-19,https://boxd.it/alWajH
2025-07-20,https://boxd.it/aoIFDn
2025-07-20,https://boxd.it/an6s45
2025-07-21,https://boxd.it/ap1lIZ
2025-07-21,https://boxd.it/aoQFhd
2025-07-28,https://boxd.it/auhN7p
2025-07-28,https://boxd.it/4E5JlP
2025-07-28,https://boxd.it/auEoEz
